timeStamp,elapsed,label,responseCode,responseMessage,threadName,dataType,success,failureMessage,bytes,sentBytes,grpThreads,allThreads,URL,Latency,IdleTime,Connect
1627866770944,180514,Sunstar Search,200,OK,bzm - Concurrency Thread Group-ThreadStarter 1-4,text,true,,5436,205,10,10,https://testml.gr.sunstar.com/search/316,180508,0,401
1627866771824,180149,Sunstar Search,200,OK,bzm - Concurrency Thread Group-ThreadStarter 1-1,text,true,,5417,212,9,9,https://testml.gr.sunstar.com/search/Bangladesh,180148,0,126
1627866771822,180153,Sunstar Search,200,OK,bzm - Concurrency Thread Group-ThreadStarter 1-5,text,true,,7325,207,8,8,https://testml.gr.sunstar.com/search/group,180147,0,125
1627866771818,180175,Sunstar Search,200,OK,bzm - Concurrency Thread Group-ThreadStarter 1-8,text,true,,7558,206,7,7,https://testml.gr.sunstar.com/search/2018,180175,0,119
1627866771820,180179,Sunstar Search,200,OK,bzm - Concurrency Thread Group-ThreadStarter 1-3,text,true,,7747,209,6,6,https://testml.gr.sunstar.com/search/Sunstar,180178,0,108
1627866771818,180184,Sunstar Search,200,OK,bzm - Concurrency Thread Group-ThreadStarter 1-7,text,true,,6162,205,5,5,https://testml.gr.sunstar.com/search/123,180184,0,130
1627866772600,180047,Sunstar Search,200,OK,bzm - Concurrency Thread Group-ThreadStarter 1-9,text,true,,5484,223,4,4,https://testml.gr.sunstar.com/search/historical%20research,180047,0,30
1627866772603,180099,Sunstar Search,200,OK,bzm - Concurrency Thread Group-ThreadStarter 1-6,text,true,,5188,215,3,3,https://testml.gr.sunstar.com/search/directionless,180099,0,76
1627866772601,180120,Sunstar Search,200,OK,bzm - Concurrency Thread Group-ThreadStarter 1-2,text,true,,7529,207,2,2,https://testml.gr.sunstar.com/search/Japan,180120,0,79
1627866772600,180125,Sunstar Search,200,OK,bzm - Concurrency Thread Group-ThreadStarter 1-10,text,true,,7282,213,1,1,https://testml.gr.sunstar.com/search/engineering,180124,0,73
